escenario,semilla,divergencia,falso_positivo,falso_negativo,div_La Pintana,div_Las Condes,div_Puente Alto,div_Santiago,conf_sim_p40_p45,conf_sim_p45_p50
informalidad_baja,20260916,0.22896110396110397,0.13813635063635063,0.09082475332475333,0.2955,0.1543,0.2357,0.2476,0.4581,0.4693
informalidad_baja,20261016,0.22991562991562992,0.13857786357786359,0.09133776633776634,0.296,0.1555,0.2359,0.2492,0.4568,0.4695
informalidad_baja,20261117,0.2301980551980552,0.1388120263120263,0.09138602888602888,0.2952,0.1562,0.2365,0.2493,0.4531,0.4691
base,20260916,0.23244136994136994,0.14592628342628342,0.08651508651508652,0.2989,0.1567,0.2399,0.2511,0.473,0.4889
base,20261016,0.23336193336193337,0.14624803374803375,0.08711389961389962,0.2991,0.1574,0.2403,0.2528,0.4703,0.4886
base,20261117,0.23353532103532104,0.14655190905190904,0.08698341198341199,0.298,0.1583,0.2408,0.2526,0.4668,0.4893
informalidad_alta,20260916,0.235476547976548,0.15373587873587874,0.08174066924066924,0.3036,0.1565,0.244,0.2545,0.493,0.5155
informalidad_alta,20261016,0.23621478621478623,0.1541899041899042,0.08202488202488202,0.304,0.157,0.2448,0.2555,0.4898,0.5151
informalidad_alta,20261117,0.23647933647933647,0.15437580437580437,0.0821035321035321,0.3027,0.1583,0.2456,0.2551,0.4864,0.5162
