escala,umbral,conf_franja_min,conf_franja_max,conf_extremo_bajo,conf_extremo_alto,conf_media,vigintil_minimo,conf_minima
0.5,30.0,0.4036,0.4791,1.0,1.0,0.7953,6,0.4036
0.5,40.0,0.3316,0.4554,1.0,1.0,0.8026,8,0.3316
0.5,50.0,0.3436,0.4678,1.0,1.0,0.8304,10,0.3436
0.7,30.0,0.4833,0.4965,1.0,1.0,0.7966,7,0.4833
0.7,40.0,0.3178,0.3925,1.0,1.0,0.789,8,0.3178
0.7,50.0,0.3237,0.4506,1.0,1.0,0.8212,10,0.3237
1.0,30.0,0.3396,0.5668,1.0,1.0,0.805,6,0.3396
1.0,40.0,0.431,0.4991,1.0,1.0,0.7984,9,0.431
1.0,50.0,0.2366,0.3492,1.0,1.0,0.7984,10,0.2366
